[{"model": "contenttypes.contenttype", "fields": {"app_label": "admin", "model": "logentry"}}, {"model": "contenttypes.contenttype", "fields": {"app_label": "auth", "model": "permission"}}, {"model": "contenttypes.contenttype", "fields": {"app_label": "auth", "model": "group"}}, {"model": "contenttypes.contenttype", "fields": {"app_label": "auth", "model": "user"}}, {"model": "contenttypes.contenttype", "fields": {"app_label": "contenttypes", "model": "contenttype"}}, {"model": "contenttypes.contenttype", "fields": {"app_label": "sessions", "model": "session"}}, {"model": "contenttypes.contenttype", "fields": {"app_label": "admin_app", "model": "useractivity"}}, {"model": "contenttypes.contenttype", "fields": {"app_label": "admin_app", "model": "highestuseractivity"}}, {"model": "contenttypes.contenttype", "fields": {"app_label": "admin_app", "model": "featureclick"}}, {"model": "contenttypes.contenttype", "fields": {"app_label": "admin_app", "model": "featureusage"}}, {"model": "contenttypes.contenttype", "fields": {"app_label": "admin_app", "model": "genderdistribution"}}, {"model": "contenttypes.contenttype", "fields": {"app_label": "admin_app", "model": "engagementmetrics"}}, {"model": "contenttypes.contenttype", "fields": {"app_label": "admin_app", "model": "dashboardinsights"}}, {"model": "contenttypes.contenttype", "fields": {"app_label": "admin_app", "model": "traveler"}}, {"model": "contenttypes.contenttype", "fields": {"app_label": "admin_app", "model": "category"}}, {"model": "contenttypes.contenttype", "fields": {"app_label": "admin_app", "model": "poi"}}, {"model": "contenttypes.contenttype", "fields": {"app_label": "admin_app", "model": "trip"}}, {"model": "contenttypes.contenttype", "fields": {"app_label": "admin_app", "model": "itinerary"}}, {"model": "contenttypes.contenttype", "fields": {"app_label": "admin_app", "model": "notification"}}, {"model": "contenttypes.contenttype", "fields": {"app_label": "admin_app", "model": "calendarsync"}}, {"model": "contenttypes.contenttype", "fields": {"app_label": "admin_app", "model": "supportticket"}}, {"model": "contenttypes.contenttype", "fields": {"app_label": "admin_app", "model": "ticketresponse"}}, {"model": "contenttypes.contenttype", "fields": {"app_label": "admin_app", "model": "travelernote"}}, {"model": "contenttypes.contenttype", "fields": {"app_label": "admin_app", "model": "travelerverification"}}, {"model": "contenttypes.contenttype", "fields": {"app_label": "admin_app", "model": "passwordresetcode"}}, {"model": "contenttypes.contenttype", "fields": {"app_label": "user_app", "model": "category"}}, {"model": "contenttypes.contenttype", "fields": {"app_label": "user_app", "model": "mainarea"}}, {"model": "contenttypes.contenttype", "fields": {"app_label": "user_app", "model": "notification"}}, {"model": "contenttypes.contenttype", "fields": {"app_label": "user_app", "model": "trip"}}, {"model": "contenttypes.contenttype", "fields": {"app_label": "user_app", "model": "favoritetrip"}}, {"model": "contenttypes.contenttype", "fields": {"app_label": "user_app", "model": "dailyplanner"}}, {"model": "contenttypes.contenttype", "fields": {"app_label": "user_app", "model": "userprofile"}}, {"model": "contenttypes.contenttype", "fields": {"app_label": "user_app", "model": "follow"}}, {"model": "sessions.session", "pk": "97pgqt05buhxm6r070vi8vluuzoyg3up", "fields": {"session_data": ".eJxVjDsOwjAQBe_iGlnGv3gp6TmDtfZucADZUpxUiLuTSCmgfTNv3iLiupS4dp7jROIitDj9bgnzk-sO6IH13mRudZmnJHdFHrTLWyN-XQ_3L1Cwl-2NKhFwcBAGb1XWPnmbsgLQatgqaC2wySMFQnMGky1qxeCY3YguKBKfL-ZCODc:1u8wGb:ORvgqmNhMVwok_6Gz-kUuLhNDEFyXRLHz2aMJNhdxoE", "expire_date": "2025-05-11T07:17:33.207Z"}}, {"model": "sessions.session", "pk": "9i7v99wk3lgyeywrqrkc0i6jcno6m8lt", "fields": {"session_data": ".eJxVjMsOwiAQRf-FtSEMZXBw6b7fQIAZpGrapI-V8d-1SRe6veec-1IxbWuL2yJzHFhdFIA6_Y45lYeMO-F7Gm-TLtO4zkPWu6IPuuh-YnleD_fvoKWlfWt_RqihMxk5VGuNg8DWJaGSDbmAbDqPQtL5YgM4m0GQiCuSE2QC9f4A4Y03Jw:1u946m:FaWiMTtCg_brnLpYssGLv2RzcKLwB92193uqjLbzlfA", "expire_date": "2025-05-11T15:39:56.732Z"}}, {"model": "sessions.session", "pk": "g61c7kkhcdj7666wq84z0xd1348c03e6", "fields": {"session_data": ".eJxVjEEOwiAUBe_C2hDgA6Uu3fcMBPp-bdVAUtqV8e6mSRe6fTPz3iKmfZvj3niNC8RVaHH53XIan1wOgEcq9yrHWrZ1yfJQ5EmbHCr4dTvdv4M5tfmoQUHb0Adl-g7kjaHMbFwGw3qC7ZQaLTmjXQdMgc3kQUC2XpMPVny-yYQ3Sg:1u91x7:2EmxpFJUUkfhY1Mlc-2kr8vubM3NGRiwKfGI1ukgOCY", "expire_date": "2025-05-11T13:21:49.589Z"}}, {"model": "sessions.session", "pk": "q0n79yxuy0wx4v3iwyd20sq6hrwk35ly", "fields": {"session_data": ".eJxVjEEOwiAQRe_C2hCYpkxx6d4zEGAGqRpISrtqvLs06UK3_733d-H8tma3NV7cTOIqAMTldww-vrgchJ6-PKqMtazLHOShyJM2ea_E79vp_h1k33KvI45Wdx2BAyrQyaREESdlg7JoBtspkuWopkGTxsjAOikTDLEfEcTnCw7ROEA:1u94hq:66j1IiPQxtNgLv5qSFre5uo5aFwQN3ejkoIQ50N7mzM", "expire_date": "2025-05-11T16:18:14.911Z"}}, {"model": "admin_app.highestuseractivity", "pk": 1, "fields": {"count": 18}}, {"model": "admin_app.featureclick", "pk": 1, "fields": {"feature_name": "Trips", "click_count": 354}}, {"model": "admin_app.featureclick", "pk": 2, "fields": {"feature_name": "Profile", "click_count": 439}}, {"model": "admin_app.featureclick", "pk": 3, "fields": {"feature_name": "Explore", "click_count": 262}}, {"model": "admin_app.featureclick", "pk": 4, "fields": {"feature_name": "Favorites", "click_count": 96}}, {"model": "admin_app.category", "pk": 1, "fields": {"name": "Test category ", "description": "just testing ", "icon": "category_icons/signpost.png", "created_at": "2025-04-27T16:34:04.755Z", "updated_at": "2025-04-27T16:34:04.765Z"}}, {"model": "admin_app.poi", "pk": 1, "fields": {"name": "Lucine", "category": 1, "description": "Armani Restaurant", "location": "Prince Mohammed bin Abdulaziz Road, Centria Mall, Olaya Street intersection with, Riyadh", "latitude": 1.0, "longitude": 1.0, "image": "poi_images/signpost.png", "created_at": "2025-04-27T16:35:52.402Z", "updated_at": "2025-04-27T16:35:52.413Z"}}, {"model": "user_app.dailyplanner", "pk": 2, "fields": {"trip": 7, "name": "event 1", "day_number": 1, "location": "", "start_time": "08:00:00", "end_time": "11:09:00", "description": "just test 1 editing \n"}}, {"model": "user_app.dailyplanner", "pk": 4, "fields": {"trip": 29, "name": "event 1", "day_number": 1, "location": "", "start_time": "23:44:00", "end_time": "13:48:00", "description": ""}}, {"model": "user_app.dailyplanner", "pk": 5, "fields": {"trip": 29, "name": "test", "day_number": 1, "location": "", "start_time": "11:00:00", "end_time": "16:00:00", "description": ""}}, {"model": "user_app.dailyplanner", "pk": 6, "fields": {"trip": 29, "name": "event 2", "day_number": 1, "location": "", "start_time": "17:30:00", "end_time": "20:00:00", "description": ""}}, {"model": "user_app.dailyplanner", "pk": 7, "fields": {"trip": 29, "name": "eve 1", "day_number": 2, "location": "", "start_time": "09:00:00", "end_time": "11:00:00", "description": ""}}, {"model": "user_app.dailyplanner", "pk": 8, "fields": {"trip": 29, "name": "eve 2", "day_number": 2, "location": "", "start_time": "11:30:00", "end_time": "15:30:00", "description": "ddd"}}, {"model": "user_app.dailyplanner", "pk": 9, "fields": {"trip": 30, "name": "event s", "day_number": 1, "location": "", "start_time": "09:00:00", "end_time": "11:00:00", "description": ""}}, {"model": "user_app.dailyplanner", "pk": 10, "fields": {"trip": 30, "name": "ddd", "day_number": 2, "location": "sssss", "start_time": "13:00:00", "end_time": "16:00:00", "description": ""}}, {"model": "auth.permission", "fields": {"name": "Can add log entry", "content_type": ["admin", "logentry"], "codename": "add_logentry"}}, {"model": "auth.permission", "fields": {"name": "Can change log entry", "content_type": ["admin", "logentry"], "codename": "change_logentry"}}, {"model": "auth.permission", "fields": {"name": "Can delete log entry", "content_type": ["admin", "logentry"], "codename": "delete_logentry"}}, {"model": "auth.permission", "fields": {"name": "Can view log entry", "content_type": ["admin", "logentry"], "codename": "view_logentry"}}, {"model": "auth.permission", "fields": {"name": "Can add permission", "content_type": ["auth", "permission"], "codename": "add_permission"}}, {"model": "auth.permission", "fields": {"name": "Can change permission", "content_type": ["auth", "permission"], "codename": "change_permission"}}, {"model": "auth.permission", "fields": {"name": "Can delete permission", "content_type": ["auth", "permission"], "codename": "delete_permission"}}, {"model": "auth.permission", "fields": {"name": "Can view permission", "content_type": ["auth", "permission"], "codename": "view_permission"}}, {"model": "auth.permission", "fields": {"name": "Can add group", "content_type": ["auth", "group"], "codename": "add_group"}}, {"model": "auth.permission", "fields": {"name": "Can change group", "content_type": ["auth", "group"], "codename": "change_group"}}, {"model": "auth.permission", "fields": {"name": "Can delete group", "content_type": ["auth", "group"], "codename": "delete_group"}}, {"model": "auth.permission", "fields": {"name": "Can view group", "content_type": ["auth", "group"], "codename": "view_group"}}, {"model": "auth.permission", "fields": {"name": "Can add user", "content_type": ["auth", "user"], "codename": "add_user"}}, {"model": "auth.permission", "fields": {"name": "Can change user", "content_type": ["auth", "user"], "codename": "change_user"}}, {"model": "auth.permission", "fields": {"name": "Can delete user", "content_type": ["auth", "user"], "codename": "delete_user"}}, {"model": "auth.permission", "fields": {"name": "Can view user", "content_type": ["auth", "user"], "codename": "view_user"}}, {"model": "auth.permission", "fields": {"name": "Can add content type", "content_type": ["contenttypes", "contenttype"], "codename": "add_contenttype"}}, {"model": "auth.permission", "fields": {"name": "Can change content type", "content_type": ["contenttypes", "contenttype"], "codename": "change_contenttype"}}, {"model": "auth.permission", "fields": {"name": "Can delete content type", "content_type": ["contenttypes", "contenttype"], "codename": "delete_contenttype"}}, {"model": "auth.permission", "fields": {"name": "Can view content type", "content_type": ["contenttypes", "contenttype"], "codename": "view_contenttype"}}, {"model": "auth.permission", "fields": {"name": "Can add session", "content_type": ["sessions", "session"], "codename": "add_session"}}, {"model": "auth.permission", "fields": {"name": "Can change session", "content_type": ["sessions", "session"], "codename": "change_session"}}, {"model": "auth.permission", "fields": {"name": "Can delete session", "content_type": ["sessions", "session"], "codename": "delete_session"}}, {"model": "auth.permission", "fields": {"name": "Can view session", "content_type": ["sessions", "session"], "codename": "view_session"}}, {"model": "auth.permission", "fields": {"name": "Can add user activity", "content_type": ["admin_app", "useractivity"], "codename": "add_useractivity"}}, {"model": "auth.permission", "fields": {"name": "Can change user activity", "content_type": ["admin_app", "useractivity"], "codename": "change_useractivity"}}, {"model": "auth.permission", "fields": {"name": "Can delete user activity", "content_type": ["admin_app", "useractivity"], "codename": "delete_useractivity"}}, {"model": "auth.permission", "fields": {"name": "Can view user activity", "content_type": ["admin_app", "useractivity"], "codename": "view_useractivity"}}, {"model": "auth.permission", "fields": {"name": "Can add highest user activity", "content_type": ["admin_app", "highestuseractivity"], "codename": "add_highestuseractivity"}}, {"model": "auth.permission", "fields": {"name": "Can change highest user activity", "content_type": ["admin_app", "highestuseractivity"], "codename": "change_highestuseractivity"}}, {"model": "auth.permission", "fields": {"name": "Can delete highest user activity", "content_type": ["admin_app", "highestuseractivity"], "codename": "delete_highestuseractivity"}}, {"model": "auth.permission", "fields": {"name": "Can view highest user activity", "content_type": ["admin_app", "highestuseractivity"], "codename": "view_highestuseractivity"}}, {"model": "auth.permission", "fields": {"name": "Can add feature click", "content_type": ["admin_app", "featureclick"], "codename": "add_featureclick"}}, {"model": "auth.permission", "fields": {"name": "Can change feature click", "content_type": ["admin_app", "featureclick"], "codename": "change_featureclick"}}, {"model": "auth.permission", "fields": {"name": "Can delete feature click", "content_type": ["admin_app", "featureclick"], "codename": "delete_featureclick"}}, {"model": "auth.permission", "fields": {"name": "Can view feature click", "content_type": ["admin_app", "featureclick"], "codename": "view_featureclick"}}, {"model": "auth.permission", "fields": {"name": "Can add feature usage", "content_type": ["admin_app", "featureusage"], "codename": "add_featureusage"}}, {"model": "auth.permission", "fields": {"name": "Can change feature usage", "content_type": ["admin_app", "featureusage"], "codename": "change_featureusage"}}, {"model": "auth.permission", "fields": {"name": "Can delete feature usage", "content_type": ["admin_app", "featureusage"], "codename": "delete_featureusage"}}, {"model": "auth.permission", "fields": {"name": "Can view feature usage", "content_type": ["admin_app", "featureusage"], "codename": "view_featureusage"}}, {"model": "auth.permission", "fields": {"name": "Can add gender distribution", "content_type": ["admin_app", "genderdistribution"], "codename": "add_genderdistribution"}}, {"model": "auth.permission", "fields": {"name": "Can change gender distribution", "content_type": ["admin_app", "genderdistribution"], "codename": "change_genderdistribution"}}, {"model": "auth.permission", "fields": {"name": "Can delete gender distribution", "content_type": ["admin_app", "genderdistribution"], "codename": "delete_genderdistribution"}}, {"model": "auth.permission", "fields": {"name": "Can view gender distribution", "content_type": ["admin_app", "genderdistribution"], "codename": "view_genderdistribution"}}, {"model": "auth.permission", "fields": {"name": "Can add engagement metrics", "content_type": ["admin_app", "engagementmetrics"], "codename": "add_engagementmetrics"}}, {"model": "auth.permission", "fields": {"name": "Can change engagement metrics", "content_type": ["admin_app", "engagementmetrics"], "codename": "change_engagementmetrics"}}, {"model": "auth.permission", "fields": {"name": "Can delete engagement metrics", "content_type": ["admin_app", "engagementmetrics"], "codename": "delete_engagementmetrics"}}, {"model": "auth.permission", "fields": {"name": "Can view engagement metrics", "content_type": ["admin_app", "engagementmetrics"], "codename": "view_engagementmetrics"}}, {"model": "auth.permission", "fields": {"name": "Can add dashboard insights", "content_type": ["admin_app", "dashboardinsights"], "codename": "add_dashboardinsights"}}, {"model": "auth.permission", "fields": {"name": "Can change dashboard insights", "content_type": ["admin_app", "dashboardinsights"], "codename": "change_dashboardinsights"}}, {"model": "auth.permission", "fields": {"name": "Can delete dashboard insights", "content_type": ["admin_app", "dashboardinsights"], "codename": "delete_dashboardinsights"}}, {"model": "auth.permission", "fields": {"name": "Can view dashboard insights", "content_type": ["admin_app", "dashboardinsights"], "codename": "view_dashboardinsights"}}, {"model": "auth.permission", "fields": {"name": "Can add traveler", "content_type": ["admin_app", "traveler"], "codename": "add_traveler"}}, {"model": "auth.permission", "fields": {"name": "Can change traveler", "content_type": ["admin_app", "traveler"], "codename": "change_traveler"}}, {"model": "auth.permission", "fields": {"name": "Can delete traveler", "content_type": ["admin_app", "traveler"], "codename": "delete_traveler"}}, {"model": "auth.permission", "fields": {"name": "Can view traveler", "content_type": ["admin_app", "traveler"], "codename": "view_traveler"}}, {"model": "auth.permission", "fields": {"name": "Can add category", "content_type": ["admin_app", "category"], "codename": "add_category"}}, {"model": "auth.permission", "fields": {"name": "Can change category", "content_type": ["admin_app", "category"], "codename": "change_category"}}, {"model": "auth.permission", "fields": {"name": "Can delete category", "content_type": ["admin_app", "category"], "codename": "delete_category"}}, {"model": "auth.permission", "fields": {"name": "Can view category", "content_type": ["admin_app", "category"], "codename": "view_category"}}, {"model": "auth.permission", "fields": {"name": "Can add Point of Interest", "content_type": ["admin_app", "poi"], "codename": "add_poi"}}, {"model": "auth.permission", "fields": {"name": "Can change Point of Interest", "content_type": ["admin_app", "poi"], "codename": "change_poi"}}, {"model": "auth.permission", "fields": {"name": "Can delete Point of Interest", "content_type": ["admin_app", "poi"], "codename": "delete_poi"}}, {"model": "auth.permission", "fields": {"name": "Can view Point of Interest", "content_type": ["admin_app", "poi"], "codename": "view_poi"}}, {"model": "auth.permission", "fields": {"name": "Can add trip", "content_type": ["admin_app", "trip"], "codename": "add_trip"}}, {"model": "auth.permission", "fields": {"name": "Can change trip", "content_type": ["admin_app", "trip"], "codename": "change_trip"}}, {"model": "auth.permission", "fields": {"name": "Can delete trip", "content_type": ["admin_app", "trip"], "codename": "delete_trip"}}, {"model": "auth.permission", "fields": {"name": "Can view trip", "content_type": ["admin_app", "trip"], "codename": "view_trip"}}, {"model": "auth.permission", "fields": {"name": "Can add itinerary", "content_type": ["admin_app", "itinerary"], "codename": "add_itinerary"}}, {"model": "auth.permission", "fields": {"name": "Can change itinerary", "content_type": ["admin_app", "itinerary"], "codename": "change_itinerary"}}, {"model": "auth.permission", "fields": {"name": "Can delete itinerary", "content_type": ["admin_app", "itinerary"], "codename": "delete_itinerary"}}, {"model": "auth.permission", "fields": {"name": "Can view itinerary", "content_type": ["admin_app", "itinerary"], "codename": "view_itinerary"}}, {"model": "auth.permission", "fields": {"name": "Can add notification", "content_type": ["admin_app", "notification"], "codename": "add_notification"}}, {"model": "auth.permission", "fields": {"name": "Can change notification", "content_type": ["admin_app", "notification"], "codename": "change_notification"}}, {"model": "auth.permission", "fields": {"name": "Can delete notification", "content_type": ["admin_app", "notification"], "codename": "delete_notification"}}, {"model": "auth.permission", "fields": {"name": "Can view notification", "content_type": ["admin_app", "notification"], "codename": "view_notification"}}, {"model": "auth.permission", "fields": {"name": "Can add calendar sync", "content_type": ["admin_app", "calendarsync"], "codename": "add_calendarsync"}}, {"model": "auth.permission", "fields": {"name": "Can change calendar sync", "content_type": ["admin_app", "calendarsync"], "codename": "change_calendarsync"}}, {"model": "auth.permission", "fields": {"name": "Can delete calendar sync", "content_type": ["admin_app", "calendarsync"], "codename": "delete_calendarsync"}}, {"model": "auth.permission", "fields": {"name": "Can view calendar sync", "content_type": ["admin_app", "calendarsync"], "codename": "view_calendarsync"}}, {"model": "auth.permission", "fields": {"name": "Can add support ticket", "content_type": ["admin_app", "supportticket"], "codename": "add_supportticket"}}, {"model": "auth.permission", "fields": {"name": "Can change support ticket", "content_type": ["admin_app", "supportticket"], "codename": "change_supportticket"}}, {"model": "auth.permission", "fields": {"name": "Can delete support ticket", "content_type": ["admin_app", "supportticket"], "codename": "delete_supportticket"}}, {"model": "auth.permission", "fields": {"name": "Can view support ticket", "content_type": ["admin_app", "supportticket"], "codename": "view_supportticket"}}, {"model": "auth.permission", "fields": {"name": "Can add ticket response", "content_type": ["admin_app", "ticketresponse"], "codename": "add_ticketresponse"}}, {"model": "auth.permission", "fields": {"name": "Can change ticket response", "content_type": ["admin_app", "ticketresponse"], "codename": "change_ticketresponse"}}, {"model": "auth.permission", "fields": {"name": "Can delete ticket response", "content_type": ["admin_app", "ticketresponse"], "codename": "delete_ticketresponse"}}, {"model": "auth.permission", "fields": {"name": "Can view ticket response", "content_type": ["admin_app", "ticketresponse"], "codename": "view_ticketresponse"}}, {"model": "auth.permission", "fields": {"name": "Can add traveler note", "content_type": ["admin_app", "travelernote"], "codename": "add_travelernote"}}, {"model": "auth.permission", "fields": {"name": "Can change traveler note", "content_type": ["admin_app", "travelernote"], "codename": "change_travelernote"}}, {"model": "auth.permission", "fields": {"name": "Can delete traveler note", "content_type": ["admin_app", "travelernote"], "codename": "delete_travelernote"}}, {"model": "auth.permission", "fields": {"name": "Can view traveler note", "content_type": ["admin_app", "travelernote"], "codename": "view_travelernote"}}, {"model": "auth.permission", "fields": {"name": "Can add traveler verification", "content_type": ["admin_app", "travelerverification"], "codename": "add_travelerverification"}}, {"model": "auth.permission", "fields": {"name": "Can change traveler verification", "content_type": ["admin_app", "travelerverification"], "codename": "change_travelerverification"}}, {"model": "auth.permission", "fields": {"name": "Can delete traveler verification", "content_type": ["admin_app", "travelerverification"], "codename": "delete_travelerverification"}}, {"model": "auth.permission", "fields": {"name": "Can view traveler verification", "content_type": ["admin_app", "travelerverification"], "codename": "view_travelerverification"}}, {"model": "auth.permission", "fields": {"name": "Can add password reset code", "content_type": ["admin_app", "passwordresetcode"], "codename": "add_passwordresetcode"}}, {"model": "auth.permission", "fields": {"name": "Can change password reset code", "content_type": ["admin_app", "passwordresetcode"], "codename": "change_passwordresetcode"}}, {"model": "auth.permission", "fields": {"name": "Can delete password reset code", "content_type": ["admin_app", "passwordresetcode"], "codename": "delete_passwordresetcode"}}, {"model": "auth.permission", "fields": {"name": "Can view password reset code", "content_type": ["admin_app", "passwordresetcode"], "codename": "view_passwordresetcode"}}, {"model": "auth.permission", "fields": {"name": "Can add category", "content_type": ["user_app", "category"], "codename": "add_category"}}, {"model": "auth.permission", "fields": {"name": "Can change category", "content_type": ["user_app", "category"], "codename": "change_category"}}, {"model": "auth.permission", "fields": {"name": "Can delete category", "content_type": ["user_app", "category"], "codename": "delete_category"}}, {"model": "auth.permission", "fields": {"name": "Can view category", "content_type": ["user_app", "category"], "codename": "view_category"}}, {"model": "auth.permission", "fields": {"name": "Can add main area", "content_type": ["user_app", "mainarea"], "codename": "add_mainarea"}}, {"model": "auth.permission", "fields": {"name": "Can change main area", "content_type": ["user_app", "mainarea"], "codename": "change_mainarea"}}, {"model": "auth.permission", "fields": {"name": "Can delete main area", "content_type": ["user_app", "mainarea"], "codename": "delete_mainarea"}}, {"model": "auth.permission", "fields": {"name": "Can view main area", "content_type": ["user_app", "mainarea"], "codename": "view_mainarea"}}, {"model": "auth.permission", "fields": {"name": "Can add notification", "content_type": ["user_app", "notification"], "codename": "add_notification"}}, {"model": "auth.permission", "fields": {"name": "Can change notification", "content_type": ["user_app", "notification"], "codename": "change_notification"}}, {"model": "auth.permission", "fields": {"name": "Can delete notification", "content_type": ["user_app", "notification"], "codename": "delete_notification"}}, {"model": "auth.permission", "fields": {"name": "Can view notification", "content_type": ["user_app", "notification"], "codename": "view_notification"}}, {"model": "auth.permission", "fields": {"name": "Can add trip", "content_type": ["user_app", "trip"], "codename": "add_trip"}}, {"model": "auth.permission", "fields": {"name": "Can change trip", "content_type": ["user_app", "trip"], "codename": "change_trip"}}, {"model": "auth.permission", "fields": {"name": "Can delete trip", "content_type": ["user_app", "trip"], "codename": "delete_trip"}}, {"model": "auth.permission", "fields": {"name": "Can view trip", "content_type": ["user_app", "trip"], "codename": "view_trip"}}, {"model": "auth.permission", "fields": {"name": "Can add favorite trip", "content_type": ["user_app", "favoritetrip"], "codename": "add_favoritetrip"}}, {"model": "auth.permission", "fields": {"name": "Can change favorite trip", "content_type": ["user_app", "favoritetrip"], "codename": "change_favoritetrip"}}, {"model": "auth.permission", "fields": {"name": "Can delete favorite trip", "content_type": ["user_app", "favoritetrip"], "codename": "delete_favoritetrip"}}, {"model": "auth.permission", "fields": {"name": "Can view favorite trip", "content_type": ["user_app", "favoritetrip"], "codename": "view_favoritetrip"}}, {"model": "auth.permission", "fields": {"name": "Can add daily planner", "content_type": ["user_app", "dailyplanner"], "codename": "add_dailyplanner"}}, {"model": "auth.permission", "fields": {"name": "Can change daily planner", "content_type": ["user_app", "dailyplanner"], "codename": "change_dailyplanner"}}, {"model": "auth.permission", "fields": {"name": "Can delete daily planner", "content_type": ["user_app", "dailyplanner"], "codename": "delete_dailyplanner"}}, {"model": "auth.permission", "fields": {"name": "Can view daily planner", "content_type": ["user_app", "dailyplanner"], "codename": "view_dailyplanner"}}, {"model": "auth.permission", "fields": {"name": "Can add user profile", "content_type": ["user_app", "userprofile"], "codename": "add_userprofile"}}, {"model": "auth.permission", "fields": {"name": "Can change user profile", "content_type": ["user_app", "userprofile"], "codename": "change_userprofile"}}, {"model": "auth.permission", "fields": {"name": "Can delete user profile", "content_type": ["user_app", "userprofile"], "codename": "delete_userprofile"}}, {"model": "auth.permission", "fields": {"name": "Can view user profile", "content_type": ["user_app", "userprofile"], "codename": "view_userprofile"}}, {"model": "auth.permission", "fields": {"name": "Can add follow", "content_type": ["user_app", "follow"], "codename": "add_follow"}}, {"model": "auth.permission", "fields": {"name": "Can change follow", "content_type": ["user_app", "follow"], "codename": "change_follow"}}, {"model": "auth.permission", "fields": {"name": "Can delete follow", "content_type": ["user_app", "follow"], "codename": "delete_follow"}}, {"model": "auth.permission", "fields": {"name": "Can view follow", "content_type": ["user_app", "follow"], "codename": "view_follow"}}, {"model": "auth.user", "fields": {"password": "pbkdf2_sha256$870000$KmYm39Oxp3ZFydLXbBJEmU$lO7lxCQRkIFvd9keEwF75HyDzBFwyf524jn4V21oHtQ=", "last_login": "2025-04-27T16:38:55.730Z", "is_superuser": true, "username": "admin", "first_name": "", "last_name": "", "email": "", "is_staff": true, "is_active": true, "date_joined": "2025-04-27T06:08:49.837Z", "groups": [], "user_permissions": []}}, {"model": "auth.user", "fields": {"password": "pbkdf2_sha256$870000$4U62uxPtiaJ6T0tXMFnplt$8YiqKCj1de3wXyv7z2T0vZGeFE7GXj4+oXbCkXsbN8U=", "last_login": "2025-04-27T16:41:02.978Z", "is_superuser": false, "username": "test", "first_name": "", "last_name": "", "email": "pixelwolf98@mail.com", "is_staff": false, "is_active": true, "date_joined": "2025-04-27T07:47:35.981Z", "groups": [], "user_permissions": []}}, {"model": "auth.user", "fields": {"password": "pbkdf2_sha256$870000$Q6Zi5qv6ldqC18H5jW9v1E$+1YqjdW8KQdbBMowS83W4VSMCnJ05cZ+funIsgsHYHk=", "last_login": "2025-04-27T16:11:25.794Z", "is_superuser": false, "username": "t", "first_name": "", "last_name": "", "email": "luna.echo22@gmail.com", "is_staff": false, "is_active": true, "date_joined": "2025-04-27T07:48:23.283Z", "groups": [], "user_permissions": []}}, {"model": "auth.user", "fields": {"password": "pbkdf2_sha256$870000$he7WWClfzokm9ZFiSPdvXe$3PdB+NRvDWV+dCbFA7PrwnIbM9E79hKcAwIvTIgPMlE=", "last_login": "2025-04-27T09:30:11.583Z", "is_superuser": false, "username": "s", "first_name": "", "last_name": "", "email": "s.rider2025@yahoo.com", "is_staff": false, "is_active": true, "date_joined": "2025-04-27T07:49:25.703Z", "groups": [], "user_permissions": []}}, {"model": "auth.user", "fields": {"password": "pbkdf2_sha256$870000$G4vpOnSpBIU0e1PFyyos4V$5KQVTojScscKoCU2qdjsQew+Wlc6wCLLwBMMzfLB39o=", "last_login": "2025-04-27T09:31:02.043Z", "is_superuser": false, "username": "b", "first_name": "", "last_name": "", "email": "blossomq_01@outlook.com", "is_staff": false, "is_active": true, "date_joined": "2025-04-27T07:51:42.427Z", "groups": [], "user_permissions": []}}, {"model": "auth.user", "fields": {"password": "pbkdf2_sha256$870000$Jzm4PQtw1icsAmeDdFs9Nw$lBZJTr6gz2YRZWMZ+MYxurAFh8QsA6s/QsTGcM4nCG0=", "last_login": "2025-04-27T09:32:17.692Z", "is_superuser": false, "username": "a", "first_name": "", "last_name": "", "email": "fox.techie@gmail.com", "is_staff": false, "is_active": true, "date_joined": "2025-04-27T07:52:56.268Z", "groups": [], "user_permissions": []}}, {"model": "auth.user", "fields": {"password": "pbkdf2_sha256$870000$T7idGuu5numfoL8kWuVk1X$VAFyDi2MdeHoYluxYmbQy6YbVks/ibVtMWQTvSsLHqE=", "last_login": "2025-04-27T16:07:34.533Z", "is_superuser": false, "username": "n", "first_name": "", "last_name": "", "email": "nshadowx@live.com", "is_staff": false, "is_active": true, "date_joined": "2025-04-27T08:01:15.477Z", "groups": [], "user_permissions": []}}, {"model": "auth.user", "fields": {"password": "pbkdf2_sha256$870000$N2RlsaWad69giZQqGz5d5u$fXoQtdMkfetC10Pu4ANUW3DAcqKnijqzHyIypAJkWiU=", "last_login": "2025-04-27T09:33:37.425Z", "is_superuser": false, "username": "e", "first_name": "", "last_name": "", "email": "vibes.sunny@mail.com", "is_staff": false, "is_active": true, "date_joined": "2025-04-27T08:02:19.726Z", "groups": [], "user_permissions": []}}, {"model": "auth.user", "fields": {"password": "pbkdf2_sha256$870000$SzSo1EbzGD7gb8lMmLLrZJ$tLtokIDz9PpvuaxoNZyZfRN4TqDZwtmz7OEHoz7+HvI=", "last_login": "2025-04-27T09:34:17.727Z", "is_superuser": false, "username": "c", "first_name": "", "last_name": "", "email": "chaos_c0d3r@gmail.com", "is_staff": false, "is_active": true, "date_joined": "2025-04-27T08:03:33.422Z", "groups": [], "user_permissions": []}}, {"model": "auth.user", "fields": {"password": "pbkdf2_sha256$870000$IXoOl3ejLxlgGHbpScFl1L$Q5DeHGtLli7FVlZsj/X1YHSNbkP4wD7J3EAHO7UUK0M=", "last_login": "2025-04-27T09:35:13.060Z", "is_superuser": false, "username": "m", "first_name": "", "last_name": "", "email": "mysticrain22@aol.com", "is_staff": false, "is_active": true, "date_joined": "2025-04-27T08:04:55.129Z", "groups": [], "user_permissions": []}}, {"model": "auth.user", "fields": {"password": "pbkdf2_sha256$870000$Hb8I9Ui5cTHxbfOV8PNmuG$mq9AiYEHf56PjpGtHvaxfhC0kVUFlpwLYOy0fTNHDcU=", "last_login": "2025-04-27T09:36:10.630Z", "is_superuser": false, "username": "d", "first_name": "", "last_name": "", "email": "echo.marauder@mail.com", "is_staff": false, "is_active": true, "date_joined": "2025-04-27T08:05:58.736Z", "groups": [], "user_permissions": []}}, {"model": "auth.user", "fields": {"password": "pbkdf2_sha256$870000$z3iUPBc83yYbb0K64BINMf$K7abb/uUxSPvYsU3N+6VYFrRzWXdoTezVU8Vj2ghLjA=", "last_login": "2025-04-27T09:36:49.998Z", "is_superuser": false, "username": "f", "first_name": "", "last_name": "", "email": "blossom_cyber@yahoo.com", "is_staff": false, "is_active": true, "date_joined": "2025-04-27T08:07:01.454Z", "groups": [], "user_permissions": []}}, {"model": "auth.user", "fields": {"password": "pbkdf2_sha256$870000$3rKQfRfGE4JLLQCG0gsBbj$f9hi8eDlMTufWW3UsApYGmKAFK28bmNQnh5UjSQ42bo=", "last_login": "2025-04-27T09:37:13.644Z", "is_superuser": false, "username": "maintest", "first_name": "", "last_name": "", "email": "velvetnova24@gmail.com", "is_staff": false, "is_active": true, "date_joined": "2025-04-27T08:07:55.334Z", "groups": [], "user_permissions": []}}, {"model": "auth.user", "fields": {"password": "pbkdf2_sha256$870000$rf5gNMLlgsiLp5hYwEEG6J$7WorLimvUibsb85ifwtjJzxuFNPXYgoDfdVP/I+YjB0=", "last_login": "2025-04-27T09:38:36.862Z", "is_superuser": false, "username": "ath", "first_name": "", "last_name": "", "email": "ryan.rocket@outlook.com", "is_staff": false, "is_active": true, "date_joined": "2025-04-27T08:09:07.178Z", "groups": [], "user_permissions": []}}, {"model": "auth.user", "fields": {"password": "pbkdf2_sha256$870000$ypUQI3uHaZyMIkRJqiAKdg$P96SDGzRt7JjvC/iLZcaGkj+SiROyy/vmFKERT7Fkm0=", "last_login": "2025-04-27T09:39:07.665Z", "is_superuser": false, "username": "jj", "first_name": "", "last_name": "", "email": "jade.firefly22@mail.com", "is_staff": false, "is_active": true, "date_joined": "2025-04-27T08:09:34.201Z", "groups": [], "user_permissions": []}}, {"model": "auth.user", "fields": {"password": "pbkdf2_sha256$870000$LtFbpT8mSXV2egRvs0JYbl$jowYnb/7Qt6Roa/yyrVmKdw88xvsTASgQVhYWx5Ouwo=", "last_login": "2025-04-27T09:39:49.049Z", "is_superuser": false, "username": "he", "first_name": "", "last_name": "", "email": "gwitch_cyber@proton.me", "is_staff": false, "is_active": true, "date_joined": "2025-04-27T08:11:05.496Z", "groups": [], "user_permissions": []}}, {"model": "auth.user", "fields": {"password": "pbkdf2_sha256$870000$eMmigqOPIVyLjjfjGoKsyW$C6nZnyfEFC2wpyeHrwn/6TmljpDihg5Gvps5D2WfIkM=", "last_login": "2025-04-27T16:41:14.601Z", "is_superuser": false, "username": "UserTest", "first_name": "", "last_name": "", "email": "t@t.com", "is_staff": false, "is_active": true, "date_joined": "2025-04-27T16:16:22.340Z", "groups": [], "user_permissions": []}}, {"model": "auth.user", "fields": {"password": "pbkdf2_sha256$870000$JNBSt3DejN1wV5mnfCZ9WD$soCKOA0mGDpOdcfP0a7AHL0DeQV9jgF6H/q5wG/QjyM=", "last_login": "2025-04-27T16:38:17.166Z", "is_superuser": false, "username": "L", "first_name": "", "last_name": "", "email": "l@l.com", "is_staff": false, "is_active": true, "date_joined": "2025-04-27T16:17:59.269Z", "groups": [], "user_permissions": []}}, {"model": "admin_app.useractivity", "pk": 10, "fields": {"user": ["admin"], "date": "2025-04-27T07:37:07.006Z"}}, {"model": "admin_app.useractivity", "pk": 11, "fields": {"user": ["test"], "date": "2025-04-27T07:47:36.522Z"}}, {"model": "admin_app.useractivity", "pk": 12, "fields": {"user": ["t"], "date": "2025-04-27T07:48:23.817Z"}}, {"model": "admin_app.useractivity", "pk": 13, "fields": {"user": ["s"], "date": "2025-04-27T07:49:26.222Z"}}, {"model": "admin_app.useractivity", "pk": 14, "fields": {"user": ["b"], "date": "2025-04-27T07:51:42.947Z"}}, {"model": "admin_app.useractivity", "pk": 15, "fields": {"user": ["a"], "date": "2025-04-27T07:52:56.802Z"}}, {"model": "admin_app.useractivity", "pk": 16, "fields": {"user": ["a"], "date": "2025-04-27T07:56:53.883Z"}}, {"model": "admin_app.useractivity", "pk": 18, "fields": {"user": ["n"], "date": "2025-04-27T08:01:16.004Z"}}, {"model": "admin_app.useractivity", "pk": 19, "fields": {"user": ["e"], "date": "2025-04-27T08:02:20.252Z"}}, {"model": "admin_app.useractivity", "pk": 20, "fields": {"user": ["c"], "date": "2025-04-27T08:03:33.956Z"}}, {"model": "admin_app.useractivity", "pk": 21, "fields": {"user": ["m"], "date": "2025-04-27T08:04:55.655Z"}}, {"model": "admin_app.useractivity", "pk": 22, "fields": {"user": ["d"], "date": "2025-04-27T08:05:59.297Z"}}, {"model": "admin_app.useractivity", "pk": 23, "fields": {"user": ["f"], "date": "2025-04-27T08:07:02.008Z"}}, {"model": "admin_app.useractivity", "pk": 24, "fields": {"user": ["maintest"], "date": "2025-04-27T08:07:55.855Z"}}, {"model": "admin_app.useractivity", "pk": 25, "fields": {"user": ["ath"], "date": "2025-04-27T08:09:07.715Z"}}, {"model": "admin_app.useractivity", "pk": 26, "fields": {"user": ["jj"], "date": "2025-04-27T08:09:34.733Z"}}, {"model": "admin_app.useractivity", "pk": 27, "fields": {"user": ["he"], "date": "2025-04-27T08:11:06.023Z"}}, {"model": "admin_app.useractivity", "pk": 28, "fields": {"user": ["admin"], "date": "2025-04-27T08:16:25.215Z"}}, {"model": "admin_app.useractivity", "pk": 29, "fields": {"user": ["test"], "date": "2025-04-27T08:16:45.957Z"}}, {"model": "admin_app.useractivity", "pk": 30, "fields": {"user": ["t"], "date": "2025-04-27T08:24:25.167Z"}}, {"model": "admin_app.useractivity", "pk": 31, "fields": {"user": ["s"], "date": "2025-04-27T08:27:55.085Z"}}, {"model": "admin_app.useractivity", "pk": 32, "fields": {"user": ["b"], "date": "2025-04-27T08:32:36.303Z"}}, {"model": "admin_app.useractivity", "pk": 33, "fields": {"user": ["a"], "date": "2025-04-27T08:35:17.796Z"}}, {"model": "admin_app.useractivity", "pk": 34, "fields": {"user": ["n"], "date": "2025-04-27T08:41:00.095Z"}}, {"model": "admin_app.useractivity", "pk": 35, "fields": {"user": ["test"], "date": "2025-04-27T08:51:44.571Z"}}, {"model": "admin_app.useractivity", "pk": 36, "fields": {"user": ["t"], "date": "2025-04-27T09:29:00.660Z"}}, {"model": "admin_app.useractivity", "pk": 37, "fields": {"user": ["s"], "date": "2025-04-27T09:29:54.903Z"}}, {"model": "admin_app.useractivity", "pk": 38, "fields": {"user": ["b"], "date": "2025-04-27T09:30:26.109Z"}}, {"model": "admin_app.useractivity", "pk": 39, "fields": {"user": ["a"], "date": "2025-04-27T09:31:20.102Z"}}, {"model": "admin_app.useractivity", "pk": 40, "fields": {"user": ["n"], "date": "2025-04-27T09:32:35.213Z"}}, {"model": "admin_app.useractivity", "pk": 41, "fields": {"user": ["e"], "date": "2025-04-27T09:33:18.374Z"}}, {"model": "admin_app.useractivity", "pk": 42, "fields": {"user": ["c"], "date": "2025-04-27T09:34:07.909Z"}}, {"model": "admin_app.useractivity", "pk": 43, "fields": {"user": ["m"], "date": "2025-04-27T09:34:58.215Z"}}, {"model": "admin_app.useractivity", "pk": 44, "fields": {"user": ["d"], "date": "2025-04-27T09:35:51.711Z"}}, {"model": "admin_app.useractivity", "pk": 45, "fields": {"user": ["f"], "date": "2025-04-27T09:36:29.899Z"}}, {"model": "admin_app.useractivity", "pk": 46, "fields": {"user": ["maintest"], "date": "2025-04-27T09:37:06.301Z"}}, {"model": "admin_app.useractivity", "pk": 47, "fields": {"user": ["ath"], "date": "2025-04-27T09:38:17.894Z"}}, {"model": "admin_app.useractivity", "pk": 48, "fields": {"user": ["jj"], "date": "2025-04-27T09:39:00.260Z"}}, {"model": "admin_app.useractivity", "pk": 49, "fields": {"user": ["he"], "date": "2025-04-27T09:39:38.821Z"}}, {"model": "admin_app.useractivity", "pk": 50, "fields": {"user": ["admin"], "date": "2025-04-27T09:40:44.885Z"}}, {"model": "admin_app.useractivity", "pk": 51, "fields": {"user": ["test"], "date": "2025-04-27T14:57:42.560Z"}}, {"model": "admin_app.useractivity", "pk": 52, "fields": {"user": ["n"], "date": "2025-04-27T15:03:32.592Z"}}, {"model": "admin_app.useractivity", "pk": 53, "fields": {"user": ["n"], "date": "2025-04-27T15:37:16.257Z"}}, {"model": "admin_app.useractivity", "pk": 54, "fields": {"user": ["n"], "date": "2025-04-27T15:39:56.707Z"}}, {"model": "admin_app.useractivity", "pk": 55, "fields": {"user": ["n"], "date": "2025-04-27T16:07:34.541Z"}}, {"model": "admin_app.useractivity", "pk": 56, "fields": {"user": ["t"], "date": "2025-04-27T16:11:25.801Z"}}, {"model": "admin_app.useractivity", "pk": 57, "fields": {"user": ["UserTest"], "date": "2025-04-27T16:16:23.267Z"}}, {"model": "admin_app.useractivity", "pk": 58, "fields": {"user": ["L"], "date": "2025-04-27T16:18:00.197Z"}}, {"model": "admin_app.useractivity", "pk": 59, "fields": {"user": ["admin"], "date": "2025-04-27T16:32:37.368Z"}}, {"model": "admin_app.useractivity", "pk": 60, "fields": {"user": ["L"], "date": "2025-04-27T16:38:17.180Z"}}, {"model": "admin_app.useractivity", "pk": 61, "fields": {"user": ["admin"], "date": "2025-04-27T16:38:55.745Z"}}, {"model": "admin_app.useractivity", "pk": 62, "fields": {"user": ["test"], "date": "2025-04-27T16:41:02.992Z"}}, {"model": "admin_app.useractivity", "pk": 63, "fields": {"user": ["UserTest"], "date": "2025-04-27T16:41:14.615Z"}}, {"model": "admin_app.traveler", "pk": 1, "fields": {"user": ["admin"], "profile_photo": "", "settings": {}}}, {"model": "admin_app.traveler", "pk": 2, "fields": {"user": ["test"], "profile_photo": "", "settings": {}}}, {"model": "admin_app.traveler", "pk": 3, "fields": {"user": ["t"], "profile_photo": "", "settings": {}}}, {"model": "admin_app.traveler", "pk": 4, "fields": {"user": ["s"], "profile_photo": "", "settings": {}}}, {"model": "admin_app.traveler", "pk": 5, "fields": {"user": ["b"], "profile_photo": "", "settings": {}}}, {"model": "admin_app.traveler", "pk": 6, "fields": {"user": ["a"], "profile_photo": "", "settings": {}}}, {"model": "admin_app.traveler", "pk": 7, "fields": {"user": ["n"], "profile_photo": "", "settings": {}}}, {"model": "admin_app.traveler", "pk": 8, "fields": {"user": ["e"], "profile_photo": "", "settings": {}}}, {"model": "admin_app.traveler", "pk": 9, "fields": {"user": ["c"], "profile_photo": "", "settings": {}}}, {"model": "admin_app.traveler", "pk": 10, "fields": {"user": ["m"], "profile_photo": "", "settings": {}}}, {"model": "admin_app.traveler", "pk": 11, "fields": {"user": ["d"], "profile_photo": "", "settings": {}}}, {"model": "admin_app.traveler", "pk": 12, "fields": {"user": ["f"], "profile_photo": "", "settings": {}}}, {"model": "admin_app.traveler", "pk": 13, "fields": {"user": ["maintest"], "profile_photo": "", "settings": {}}}, {"model": "admin_app.traveler", "pk": 14, "fields": {"user": ["ath"], "profile_photo": "", "settings": {}}}, {"model": "admin_app.traveler", "pk": 15, "fields": {"user": ["jj"], "profile_photo": "", "settings": {}}}, {"model": "admin_app.traveler", "pk": 16, "fields": {"user": ["he"], "profile_photo": "", "settings": {}}}, {"model": "admin_app.traveler", "pk": 17, "fields": {"user": ["UserTest"], "profile_photo": "", "settings": {}}}, {"model": "admin_app.traveler", "pk": 18, "fields": {"user": ["L"], "profile_photo": "", "settings": {}}}, {"model": "user_app.userprofile", "pk": 4, "fields": {"user": ["test"], "gender": "M", "avatar": "avatars/pfp_84p6vbW.png", "bio": "Exploring the digital wilderness one pixel at a time.", "account_active": true, "likes_notifications": true, "followers_notifications": true}}, {"model": "user_app.userprofile", "pk": 5, "fields": {"user": ["t"], "gender": "F", "avatar": "avatars/download.jpg", "bio": "Dreamer, stargazer, and occasional coffee addict.", "account_active": true, "likes_notifications": true, "followers_notifications": true}}, {"model": "user_app.userprofile", "pk": 6, "fields": {"user": ["s"], "gender": "M", "avatar": "avatars/download_l9cWy4g.jpg", "bio": "Chasing storms and coding adventures since '98.", "account_active": true, "likes_notifications": true, "followers_notifications": true}}, {"model": "user_app.userprofile", "pk": 7, "fields": {"user": ["b"], "gender": "F", "avatar": "avatars/download_6hbqcj0.jpg", "bio": "Growing dreams, one petal at a time.", "account_active": true, "likes_notifications": true, "followers_notifications": true}}, {"model": "user_app.userprofile", "pk": 8, "fields": {"user": ["a"], "gender": "F", "avatar": "avatars/download_70NmsqI.jpg", "bio": "Tech enthusiast building the future, one line of code at a time.", "account_active": true, "likes_notifications": true, "followers_notifications": true}}, {"model": "user_app.userprofile", "pk": 10, "fields": {"user": ["n"], "gender": "M", "avatar": "avatars/download_lV8nyzB.jpg", "bio": "Living life in dark mode, always.", "account_active": true, "likes_notifications": true, "followers_notifications": true}}, {"model": "user_app.userprofile", "pk": 11, "fields": {"user": ["e"], "gender": "F", "avatar": "avatars/download_jlLJMBc.jpg", "bio": "Spreading sunshine and good vibes wherever I go.", "account_active": true, "likes_notifications": true, "followers_notifications": true}}, {"model": "user_app.userprofile", "pk": 12, "fields": {"user": ["c"], "gender": "M", "avatar": "avatars/download.png", "bio": "Breaking things just to fix them better.", "account_active": true, "likes_notifications": true, "followers_notifications": true}}, {"model": "user_app.userprofile", "pk": 13, "fields": {"user": ["m"], "gender": "F", "avatar": "avatars/download_uQL2BxU.jpg", "bio": "Lost in thought, found in the rain.", "account_active": true, "likes_notifications": true, "followers_notifications": true}}, {"model": "user_app.userprofile", "pk": 14, "fields": {"user": ["d"], "gender": "M", "avatar": "avatars/download_RisglKs.jpg", "bio": "Echoes of adventures past and present.", "account_active": true, "likes_notifications": true, "followers_notifications": true}}, {"model": "user_app.userprofile", "pk": 15, "fields": {"user": ["f"], "gender": "F", "avatar": "avatars/download_SgPqNTu.jpg", "bio": "Blossoming at the intersection of nature and technology.", "account_active": true, "likes_notifications": true, "followers_notifications": true}}, {"model": "user_app.userprofile", "pk": 16, "fields": {"user": ["maintest"], "gender": "F", "avatar": "", "bio": "Floating through velvet skies, dreaming big.", "account_active": true, "likes_notifications": true, "followers_notifications": true}}, {"model": "user_app.userprofile", "pk": 17, "fields": {"user": ["ath"], "gender": "M", "avatar": "", "bio": "Building rockets, real and metaphorical.", "account_active": true, "likes_notifications": true, "followers_notifications": true}}, {"model": "user_app.userprofile", "pk": 18, "fields": {"user": ["jj"], "gender": "F", "avatar": "avatars/download_o7vAqYG.jpg", "bio": "Glowing softly in a loud world.", "account_active": true, "likes_notifications": true, "followers_notifications": true}}, {"model": "user_app.userprofile", "pk": 19, "fields": {"user": ["he"], "gender": "F", "avatar": "avatars/download_SGKVQm0.jpg", "bio": "Casting spells in the code and the cosmos.", "account_active": true, "likes_notifications": true, "followers_notifications": true}}, {"model": "user_app.userprofile", "pk": 20, "fields": {"user": ["UserTest"], "gender": "M", "avatar": "avatars/0-UserPic-0_U2cebwa.png", "bio": "", "account_active": true, "likes_notifications": true, "followers_notifications": true}}, {"model": "user_app.userprofile", "pk": 21, "fields": {"user": ["L"], "gender": "F", "avatar": "", "bio": "", "account_active": true, "likes_notifications": true, "followers_notifications": true}}, {"model": "user_app.mainarea", "pk": 1, "fields": {"user": ["admin"]}}, {"model": "user_app.mainarea", "pk": 5, "fields": {"user": ["test"]}}, {"model": "user_app.mainarea", "pk": 6, "fields": {"user": ["t"]}}, {"model": "user_app.mainarea", "pk": 7, "fields": {"user": ["s"]}}, {"model": "user_app.mainarea", "pk": 8, "fields": {"user": ["b"]}}, {"model": "user_app.mainarea", "pk": 9, "fields": {"user": ["a"]}}, {"model": "user_app.mainarea", "pk": 11, "fields": {"user": ["n"]}}, {"model": "user_app.mainarea", "pk": 12, "fields": {"user": ["e"]}}, {"model": "user_app.mainarea", "pk": 13, "fields": {"user": ["c"]}}, {"model": "user_app.mainarea", "pk": 14, "fields": {"user": ["m"]}}, {"model": "user_app.mainarea", "pk": 15, "fields": {"user": ["d"]}}, {"model": "user_app.mainarea", "pk": 16, "fields": {"user": ["f"]}}, {"model": "user_app.mainarea", "pk": 17, "fields": {"user": ["maintest"]}}, {"model": "user_app.mainarea", "pk": 18, "fields": {"user": ["ath"]}}, {"model": "user_app.mainarea", "pk": 19, "fields": {"user": ["jj"]}}, {"model": "user_app.mainarea", "pk": 20, "fields": {"user": ["he"]}}, {"model": "user_app.mainarea", "pk": 21, "fields": {"user": ["UserTest"]}}, {"model": "user_app.mainarea", "pk": 22, "fields": {"user": ["L"]}}, {"model": "user_app.category", "pk": 1, "fields": {"user": ["test"], "name": "Relaxation", "img": "", "color": "#6bffda"}}, {"model": "user_app.category", "pk": 2, "fields": {"user": ["test"], "name": "Fun", "img": "", "color": "#c2e1ff"}}, {"model": "user_app.category", "pk": 3, "fields": {"user": ["test"], "name": "Food", "img": "", "color": "#d30945"}}, {"model": "user_app.category", "pk": 4, "fields": {"user": ["t"], "name": "Cultural", "img": "", "color": "#fee99f"}}, {"model": "user_app.category", "pk": 5, "fields": {"user": ["s"], "name": "Adventure", "img": "", "color": "#454545"}}, {"model": "user_app.category", "pk": 6, "fields": {"user": ["a"], "name": "Luxury", "img": "", "color": "#a7d7fb"}}, {"model": "user_app.category", "pk": 7, "fields": {"user": ["a"], "name": "Nature", "img": "", "color": "#6e8952"}}, {"model": "user_app.category", "pk": 8, "fields": {"user": ["a"], "name": "Sports", "img": "", "color": "#ff0000"}}, {"model": "user_app.category", "pk": 9, "fields": {"user": ["a"], "name": "Wellness", "img": "", "color": "#6ce47a"}}, {"model": "user_app.category", "pk": 10, "fields": {"user": ["maintest"], "name": "test", "img": "", "color": "#000000"}}, {"model": "user_app.category", "pk": 11, "fields": {"user": ["n"], "name": "ttt", "img": "images/uplodes/cat/WhatsApp_Image_2025-02-03_at_13_0DCXlqB.30.55_b5007d68.jpg", "color": "#7095eb"}}, {"model": "user_app.category", "pk": 13, "fields": {"user": ["UserTest"], "name": "Test Cat", "img": "images/uplodes/cat/pexels-pixabay-358457_DmnejRQ.jpg", "color": "#cfa0ee"}}, {"model": "user_app.trip", "pk": 2, "fields": {"user": ["test"], "name": "Sandstorm Sprint", "destination": "Red Sand Dunes", "duration": 1, "date": "2025-03-15", "color": "#ff5252", "img": "", "main_area": 5, "category": null}}, {"model": "user_app.trip", "pk": 3, "fields": {"user": ["test"], "name": "Oasis Hideaway", "destination": "Quarter Gardens", "duration": 2, "date": "2025-04-09", "color": "#66ffb8", "img": "", "main_area": null, "category": 1}}, {"model": "user_app.trip", "pk": 4, "fields": {"user": ["test"], "name": "Echoes of the Past", "destination": "Al Masmak", "duration": 1, "date": "2025-02-22", "color": "#ffefc2", "img": "", "main_area": 5, "category": null}}, {"model": "user_app.trip", "pk": 5, "fields": {"user": ["test"], "name": "Wonder Weekend", "destination": "Riyadh Zoo", "duration": 2, "date": "2025-10-04", "color": "#bef7fe", "img": "", "main_area": null, "category": 2}}, {"model": "user_app.trip", "pk": 6, "fields": {"user": ["test"], "name": "Flavors of Riyadh", "destination": "Tahlia Street", "duration": 1, "date": "2025-05-18", "color": "#c20f3c", "img": "", "main_area": null, "category": 3}}, {"model": "user_app.trip", "pk": 7, "fields": {"user": ["t"], "name": "Wadi Quest", "destination": "Wadi Namar", "duration": 1, "date": "2025-11-07", "color": "#2086d5", "img": "", "main_area": 6, "category": null}}, {"model": "user_app.trip", "pk": 8, "fields": {"user": ["t"], "name": "Sunset Serenity", "destination": "Sky Park", "duration": 1, "date": "2025-11-02", "color": "#eadbff", "img": "", "main_area": 6, "category": null}}, {"model": "user_app.trip", "pk": 9, "fields": {"user": ["t"], "name": "Royal Chronicles", "destination": "National Museum", "duration": 1, "date": "2025-09-12", "color": "#fff3b8", "img": "", "main_area": null, "category": 4}}, {"model": "user_app.trip", "pk": 10, "fields": {"user": ["t"], "name": "Adventure Alley", "destination": "Boulevard", "duration": 2, "date": "2025-12-20", "color": "#fef60b", "img": "", "main_area": 6, "category": null}}, {"model": "user_app.trip", "pk": 11, "fields": {"user": ["s"], "name": "Riyadh Bites", "destination": "Al Nakheel Mall", "duration": 1, "date": "2025-08-07", "color": "#fed1ff", "img": "", "main_area": 7, "category": null}}, {"model": "user_app.trip", "pk": 12, "fields": {"user": ["s"], "name": "Edge Hunters", "destination": "Jebel Fihrayn", "duration": 1, "date": "2025-03-28", "color": "#404040", "img": "", "main_area": null, "category": 5}}, {"model": "user_app.trip", "pk": 13, "fields": {"user": ["s"], "name": "Twilight Tranquility", "destination": "Salam Park", "duration": 1, "date": "2025-05-02", "color": "#c75c81", "img": "", "main_area": 7, "category": null}}, {"model": "user_app.trip", "pk": 14, "fields": {"user": ["b"], "name": "Starlight Splash", "destination": "Riyadh Season", "duration": 2, "date": "2025-06-06", "color": "#0062ff", "img": "", "main_area": 8, "category": null}}, {"model": "user_app.trip", "pk": 15, "fields": {"user": ["b"], "name": "Midnight Munchies", "destination": "Hittin District", "duration": 1, "date": "2025-06-12", "color": "#393ec6", "img": "", "main_area": 8, "category": null}}, {"model": "user_app.trip", "pk": 16, "fields": {"user": ["a"], "name": "Majestic Escape", "destination": "Spa", "duration": 2, "date": "2025-02-14", "color": "#c2e8ff", "img": "", "main_area": null, "category": 6}}, {"model": "user_app.trip", "pk": 17, "fields": {"user": ["a"], "name": "Desert Blossoms", "destination": "Nature Reserve", "duration": 1, "date": "2025-03-22", "color": "#577f61", "img": "", "main_area": null, "category": 7}}, {"model": "user_app.trip", "pk": 18, "fields": {"user": ["a"], "name": "Racing Pulse", "destination": "Riyadh Circuit", "duration": 1, "date": "2025-04-30", "color": "#ff0000", "img": "", "main_area": null, "category": 8}}, {"model": "user_app.trip", "pk": 19, "fields": {"user": ["a"], "name": "High-End Haul", "destination": "Centre Mall", "duration": 1, "date": "2025-06-05", "color": "#feeacd", "img": "", "main_area": null, "category": 6}}, {"model": "user_app.trip", "pk": 20, "fields": {"user": ["a"], "name": "Midnight Lights", "destination": "Tahlia Street", "duration": 1, "date": "2025-10-10", "color": "#ff00f7", "img": "", "main_area": 9, "category": null}}, {"model": "user_app.trip", "pk": 21, "fields": {"user": ["a"], "name": "Timeless Journey", "destination": "Diriyah", "duration": 1, "date": "2025-07-18", "color": "#7a4848", "img": "", "main_area": 9, "category": null}}, {"model": "user_app.trip", "pk": 22, "fields": {"user": ["a"], "name": "Mindful Pause", "destination": "Wellness Center", "duration": 2, "date": "2025-08-21", "color": "#8aff8c", "img": "", "main_area": null, "category": 9}}, {"model": "user_app.trip", "pk": 23, "fields": {"user": ["a"], "name": "Concrete Jungle", "destination": "Art Tour", "duration": 1, "date": "2025-11-06", "color": "#a899a6", "img": "", "main_area": 9, "category": null}}, {"model": "user_app.trip", "pk": 24, "fields": {"user": ["n"], "name": "Riyadh Rhythms", "destination": "Riyadh Season", "duration": 2, "date": "2025-12-15", "color": "#00e1ff", "img": "", "main_area": 11, "category": null}}, {"model": "user_app.trip", "pk": 25, "fields": {"user": ["n"], "name": "Sky High", "destination": "Over Riyadh", "duration": 1, "date": "2025-05-27", "color": "#00065c", "img": "", "main_area": 11, "category": null}}, {"model": "user_app.trip", "pk": 27, "fields": {"user": ["maintest"], "name": "test", "destination": "test", "duration": 6, "date": "2025-04-27", "color": "#000000", "img": "", "main_area": 17, "category": null}}, {"model": "user_app.trip", "pk": 28, "fields": {"user": ["n"], "name": "test 1", "destination": "fgg", "duration": 6, "date": "2025-04-30", "color": "#e65bd8", "img": "images/uplodes/trip/WhatsApp_Image_2025-02-03_at_13.30.55_b5007d68.jpg", "main_area": 11, "category": null}}, {"model": "user_app.trip", "pk": 29, "fields": {"user": ["UserTest"], "name": "Test Trip main", "destination": "korea", "duration": 5, "date": "2025-05-02", "color": "#aea7c8", "img": "images/uplodes/trip/pexels-pixabay-33109_dZ0xB85.jpg", "main_area": 21, "category": null}}, {"model": "user_app.trip", "pk": 30, "fields": {"user": ["UserTest"], "name": "test cat trip", "destination": "123", "duration": 2, "date": "2025-04-29", "color": "#ec6565", "img": "images/uplodes/trip/pexels-pixabay-33109_mMdPtA9.jpg", "main_area": null, "category": 13}}, {"model": "user_app.follow", "pk": 27, "fields": {"user": ["a"], "follow": ["t"], "created_at": "2025-04-27T09:31:50.665Z"}}, {"model": "user_app.follow", "pk": 28, "fields": {"user": ["a"], "follow": ["s"], "created_at": "2025-04-27T09:31:51.552Z"}}, {"model": "user_app.follow", "pk": 29, "fields": {"user": ["a"], "follow": ["test"], "created_at": "2025-04-27T09:31:54.040Z"}}, {"model": "user_app.follow", "pk": 30, "fields": {"user": ["n"], "follow": ["s"], "created_at": "2025-04-27T09:32:55.330Z"}}, {"model": "user_app.follow", "pk": 33, "fields": {"user": ["e"], "follow": ["a"], "created_at": "2025-04-27T09:33:47.123Z"}}, {"model": "user_app.follow", "pk": 34, "fields": {"user": ["e"], "follow": ["n"], "created_at": "2025-04-27T09:33:50.199Z"}}, {"model": "user_app.follow", "pk": 35, "fields": {"user": ["e"], "follow": ["test"], "created_at": "2025-04-27T09:33:53.913Z"}}, {"model": "user_app.follow", "pk": 38, "fields": {"user": ["c"], "follow": ["s"], "created_at": "2025-04-27T09:34:40.925Z"}}, {"model": "user_app.follow", "pk": 39, "fields": {"user": ["m"], "follow": ["a"], "created_at": "2025-04-27T09:35:35.670Z"}}, {"model": "user_app.follow", "pk": 40, "fields": {"user": ["he"], "follow": ["test"], "created_at": "2025-04-27T09:39:59.556Z"}}, {"model": "user_app.follow", "pk": 41, "fields": {"user": ["he"], "follow": ["t"], "created_at": "2025-04-27T09:40:04.522Z"}}, {"model": "user_app.follow", "pk": 42, "fields": {"user": ["he"], "follow": ["s"], "created_at": "2025-04-27T09:40:05.578Z"}}, {"model": "user_app.follow", "pk": 43, "fields": {"user": ["he"], "follow": ["b"], "created_at": "2025-04-27T09:40:06.758Z"}}, {"model": "user_app.follow", "pk": 44, "fields": {"user": ["he"], "follow": ["a"], "created_at": "2025-04-27T09:40:08.485Z"}}, {"model": "user_app.follow", "pk": 45, "fields": {"user": ["he"], "follow": ["n"], "created_at": "2025-04-27T09:40:15.379Z"}}, {"model": "user_app.follow", "pk": 46, "fields": {"user": ["he"], "follow": ["maintest"], "created_at": "2025-04-27T09:40:18.038Z"}}, {"model": "user_app.follow", "pk": 47, "fields": {"user": ["he"], "follow": ["ath"], "created_at": "2025-04-27T09:40:19.500Z"}}, {"model": "user_app.follow", "pk": 48, "fields": {"user": ["test"], "follow": ["s"], "created_at": "2025-04-27T14:57:59.108Z"}}, {"model": "user_app.follow", "pk": 49, "fields": {"user": ["test"], "follow": ["t"], "created_at": "2025-04-27T14:58:21.544Z"}}, {"model": "user_app.follow", "pk": 50, "fields": {"user": ["test"], "follow": ["b"], "created_at": "2025-04-27T14:58:23.340Z"}}, {"model": "user_app.follow", "pk": 51, "fields": {"user": ["test"], "follow": ["a"], "created_at": "2025-04-27T14:58:24.502Z"}}, {"model": "user_app.follow", "pk": 52, "fields": {"user": ["test"], "follow": ["n"], "created_at": "2025-04-27T14:58:26.245Z"}}, {"model": "user_app.follow", "pk": 56, "fields": {"user": ["n"], "follow": ["b"], "created_at": "2025-04-27T15:33:16.299Z"}}, {"model": "user_app.follow", "pk": 58, "fields": {"user": ["n"], "follow": ["t"], "created_at": "2025-04-27T15:44:40.258Z"}}, {"model": "user_app.follow", "pk": 59, "fields": {"user": ["n"], "follow": ["a"], "created_at": "2025-04-27T15:50:58.603Z"}}, {"model": "user_app.follow", "pk": 61, "fields": {"user": ["t"], "follow": ["n"], "created_at": "2025-04-27T16:13:53.409Z"}}, {"model": "user_app.follow", "pk": 62, "fields": {"user": ["t"], "follow": ["test"], "created_at": "2025-04-27T16:13:58.263Z"}}, {"model": "user_app.follow", "pk": 63, "fields": {"user": ["t"], "follow": ["s"], "created_at": "2025-04-27T16:14:00.405Z"}}, {"model": "user_app.follow", "pk": 64, "fields": {"user": ["t"], "follow": ["b"], "created_at": "2025-04-27T16:14:02.275Z"}}, {"model": "user_app.follow", "pk": 65, "fields": {"user": ["t"], "follow": ["a"], "created_at": "2025-04-27T16:14:03.966Z"}}, {"model": "user_app.notification", "pk": 23, "fields": {"user": ["n"], "notification_type": "like", "message": "pixel_wolf liked your trip!", "created_at": "2025-04-27T08:57:32.506Z", "is_read": false}}, {"model": "user_app.notification", "pk": 24, "fields": {"user": ["a"], "notification_type": "like", "message": "pixel_wolf liked your trip!", "created_at": "2025-04-27T08:57:33.979Z", "is_read": false}}, {"model": "user_app.notification", "pk": 25, "fields": {"user": ["n"], "notification_type": "like", "message": "pixel_wolf liked your trip!", "created_at": "2025-04-27T08:57:38.939Z", "is_read": false}}, {"model": "user_app.notification", "pk": 26, "fields": {"user": ["n"], "notification_type": "like", "message": "pixel_wolf unliked your trip.", "created_at": "2025-04-27T08:57:39.818Z", "is_read": false}}, {"model": "user_app.notification", "pk": 27, "fields": {"user": ["n"], "notification_type": "like", "message": "pixel_wolf unliked your trip.", "created_at": "2025-04-27T08:57:40.609Z", "is_read": false}}, {"model": "user_app.notification", "pk": 28, "fields": {"user": ["a"], "notification_type": "like", "message": "pixel_wolf unliked your trip.", "created_at": "2025-04-27T08:57:41.344Z", "is_read": false}}, {"model": "user_app.notification", "pk": 29, "fields": {"user": ["n"], "notification_type": "like", "message": "pixel_wolf liked your trip!", "created_at": "2025-04-27T08:57:45.624Z", "is_read": false}}, {"model": "user_app.notification", "pk": 30, "fields": {"user": ["n"], "notification_type": "like", "message": "pixel_wolf liked your trip!", "created_at": "2025-04-27T08:57:48.200Z", "is_read": false}}, {"model": "user_app.notification", "pk": 31, "fields": {"user": ["a"], "notification_type": "like", "message": "pixel_wolf liked your trip!", "created_at": "2025-04-27T08:57:58.841Z", "is_read": false}}, {"model": "user_app.notification", "pk": 32, "fields": {"user": ["a"], "notification_type": "like", "message": "pixel_wolf liked your trip!", "created_at": "2025-04-27T08:58:05.034Z", "is_read": false}}, {"model": "user_app.notification", "pk": 33, "fields": {"user": ["s"], "notification_type": "like", "message": "pixel_wolf liked your trip!", "created_at": "2025-04-27T08:58:16.262Z", "is_read": false}}, {"model": "user_app.notification", "pk": 34, "fields": {"user": ["s"], "notification_type": "like", "message": "pixel_wolf liked your trip!", "created_at": "2025-04-27T08:58:18.908Z", "is_read": false}}, {"model": "user_app.notification", "pk": 35, "fields": {"user": ["t"], "notification_type": "like", "message": "pixel_wolf liked your trip!", "created_at": "2025-04-27T08:58:27.140Z", "is_read": false}}, {"model": "user_app.notification", "pk": 36, "fields": {"user": ["test"], "notification_type": "like", "message": "pixel_wolf liked your trip!", "created_at": "2025-04-27T08:58:31.551Z", "is_read": false}}, {"model": "user_app.notification", "pk": 37, "fields": {"user": ["test"], "notification_type": "like", "message": "pixel_wolf liked your trip!", "created_at": "2025-04-27T08:58:32.037Z", "is_read": false}}, {"model": "user_app.notification", "pk": 38, "fields": {"user": ["test"], "notification_type": "like", "message": "pixel_wolf liked your trip!", "created_at": "2025-04-27T08:58:33.011Z", "is_read": false}}, {"model": "user_app.notification", "pk": 39, "fields": {"user": ["test"], "notification_type": "like", "message": "pixel_wolf liked your trip!", "created_at": "2025-04-27T08:58:33.716Z", "is_read": false}}, {"model": "user_app.notification", "pk": 40, "fields": {"user": ["test"], "notification_type": "like", "message": "pixel_wolf liked your trip!", "created_at": "2025-04-27T08:58:34.446Z", "is_read": false}}, {"model": "user_app.notification", "pk": 41, "fields": {"user": ["t"], "notification_type": "follow", "message": "pixel_wolf unfollowed you.", "created_at": "2025-04-27T08:58:38.161Z", "is_read": false}}, {"model": "user_app.notification", "pk": 42, "fields": {"user": ["test"], "notification_type": "like", "message": "techie_fox liked your trip!", "created_at": "2025-04-27T09:31:37.040Z", "is_read": false}}, {"model": "user_app.notification", "pk": 43, "fields": {"user": ["test"], "notification_type": "like", "message": "techie_fox liked your trip!", "created_at": "2025-04-27T09:31:38.170Z", "is_read": false}}, {"model": "user_app.notification", "pk": 44, "fields": {"user": ["s"], "notification_type": "like", "message": "techie_fox liked your trip!", "created_at": "2025-04-27T09:31:39.451Z", "is_read": false}}, {"model": "user_app.notification", "pk": 45, "fields": {"user": ["s"], "notification_type": "like", "message": "techie_fox liked your trip!", "created_at": "2025-04-27T09:31:39.944Z", "is_read": false}}, {"model": "user_app.notification", "pk": 46, "fields": {"user": ["b"], "notification_type": "like", "message": "techie_fox liked your trip!", "created_at": "2025-04-27T09:31:40.876Z", "is_read": false}}, {"model": "user_app.notification", "pk": 47, "fields": {"user": ["a"], "notification_type": "like", "message": "techie_fox liked your trip!", "created_at": "2025-04-27T09:31:41.740Z", "is_read": false}}, {"model": "user_app.notification", "pk": 48, "fields": {"user": ["s"], "notification_type": "like", "message": "techie_fox unliked your trip.", "created_at": "2025-04-27T09:31:44.034Z", "is_read": false}}, {"model": "user_app.notification", "pk": 49, "fields": {"user": ["s"], "notification_type": "like", "message": "techie_fox liked your trip!", "created_at": "2025-04-27T09:31:44.543Z", "is_read": false}}, {"model": "user_app.notification", "pk": 50, "fields": {"user": ["s"], "notification_type": "like", "message": "techie_fox unliked your trip.", "created_at": "2025-04-27T09:31:45.984Z", "is_read": false}}, {"model": "user_app.notification", "pk": 51, "fields": {"user": ["t"], "notification_type": "follow", "message": "techie_fox followed you!", "created_at": "2025-04-27T09:31:50.667Z", "is_read": false}}, {"model": "user_app.notification", "pk": 52, "fields": {"user": ["s"], "notification_type": "follow", "message": "techie_fox followed you!", "created_at": "2025-04-27T09:31:51.555Z", "is_read": false}}, {"model": "user_app.notification", "pk": 53, "fields": {"user": ["test"], "notification_type": "follow", "message": "techie_fox followed you!", "created_at": "2025-04-27T09:31:54.045Z", "is_read": false}}, {"model": "user_app.notification", "pk": 54, "fields": {"user": ["s"], "notification_type": "follow", "message": "n followed you!", "created_at": "2025-04-27T09:32:55.335Z", "is_read": false}}, {"model": "user_app.notification", "pk": 55, "fields": {"user": ["a"], "notification_type": "follow", "message": "n followed you!", "created_at": "2025-04-27T09:32:57.602Z", "is_read": false}}, {"model": "user_app.notification", "pk": 56, "fields": {"user": ["n"], "notification_type": "like", "message": "n liked your trip!", "created_at": "2025-04-27T09:33:04.257Z", "is_read": false}}, {"model": "user_app.notification", "pk": 57, "fields": {"user": ["n"], "notification_type": "like", "message": "n liked your trip!", "created_at": "2025-04-27T09:33:04.719Z", "is_read": false}}, {"model": "user_app.notification", "pk": 58, "fields": {"user": ["test"], "notification_type": "like", "message": "sunny_vibes liked your trip!", "created_at": "2025-04-27T09:33:26.518Z", "is_read": false}}, {"model": "user_app.notification", "pk": 59, "fields": {"user": ["test"], "notification_type": "like", "message": "sunny_vibes liked your trip!", "created_at": "2025-04-27T09:33:27.450Z", "is_read": false}}, {"model": "user_app.notification", "pk": 60, "fields": {"user": ["t"], "notification_type": "follow", "message": "e followed you!", "created_at": "2025-04-27T09:33:43.400Z", "is_read": false}}, {"model": "user_app.notification", "pk": 61, "fields": {"user": ["a"], "notification_type": "follow", "message": "e followed you!", "created_at": "2025-04-27T09:33:47.126Z", "is_read": false}}, {"model": "user_app.notification", "pk": 62, "fields": {"user": ["n"], "notification_type": "follow", "message": "e followed you!", "created_at": "2025-04-27T09:33:50.202Z", "is_read": false}}, {"model": "user_app.notification", "pk": 63, "fields": {"user": ["test"], "notification_type": "follow", "message": "e followed you!", "created_at": "2025-04-27T09:33:53.917Z", "is_read": false}}, {"model": "user_app.notification", "pk": 64, "fields": {"user": ["b"], "notification_type": "follow", "message": "e followed you!", "created_at": "2025-04-27T09:33:55.091Z", "is_read": false}}, {"model": "user_app.notification", "pk": 65, "fields": {"user": ["t"], "notification_type": "like", "message": "c liked your trip!", "created_at": "2025-04-27T09:34:30.726Z", "is_read": false}}, {"model": "user_app.notification", "pk": 66, "fields": {"user": ["t"], "notification_type": "like", "message": "c liked your trip!", "created_at": "2025-04-27T09:34:31.354Z", "is_read": false}}, {"model": "user_app.notification", "pk": 67, "fields": {"user": ["s"], "notification_type": "like", "message": "c liked your trip!", "created_at": "2025-04-27T09:34:32.362Z", "is_read": false}}, {"model": "user_app.notification", "pk": 68, "fields": {"user": ["a"], "notification_type": "like", "message": "c liked your trip!", "created_at": "2025-04-27T09:34:33.445Z", "is_read": false}}, {"model": "user_app.notification", "pk": 69, "fields": {"user": ["test"], "notification_type": "like", "message": "c liked your trip!", "created_at": "2025-04-27T09:34:35.386Z", "is_read": false}}, {"model": "user_app.notification", "pk": 70, "fields": {"user": ["test"], "notification_type": "follow", "message": "c unfollowed you.", "created_at": "2025-04-27T09:34:36.892Z", "is_read": false}}, {"model": "user_app.notification", "pk": 71, "fields": {"user": ["s"], "notification_type": "follow", "message": "c followed you!", "created_at": "2025-04-27T09:34:40.930Z", "is_read": false}}, {"model": "user_app.notification", "pk": 72, "fields": {"user": ["test"], "notification_type": "like", "message": "m liked your trip!", "created_at": "2025-04-27T09:35:24.383Z", "is_read": false}}, {"model": "user_app.notification", "pk": 73, "fields": {"user": ["s"], "notification_type": "like", "message": "m liked your trip!", "created_at": "2025-04-27T09:35:25.583Z", "is_read": false}}, {"model": "user_app.notification", "pk": 74, "fields": {"user": ["s"], "notification_type": "like", "message": "m liked your trip!", "created_at": "2025-04-27T09:35:26.037Z", "is_read": false}}, {"model": "user_app.notification", "pk": 75, "fields": {"user": ["test"], "notification_type": "like", "message": "m liked your trip!", "created_at": "2025-04-27T09:35:27.719Z", "is_read": false}}, {"model": "user_app.notification", "pk": 76, "fields": {"user": ["test"], "notification_type": "like", "message": "m liked your trip!", "created_at": "2025-04-27T09:35:28.581Z", "is_read": false}}, {"model": "user_app.notification", "pk": 77, "fields": {"user": ["test"], "notification_type": "like", "message": "m liked your trip!", "created_at": "2025-04-27T09:35:29.188Z", "is_read": false}}, {"model": "user_app.notification", "pk": 78, "fields": {"user": ["test"], "notification_type": "like", "message": "m liked your trip!", "created_at": "2025-04-27T09:35:30.338Z", "is_read": false}}, {"model": "user_app.notification", "pk": 79, "fields": {"user": ["a"], "notification_type": "like", "message": "m liked your trip!", "created_at": "2025-04-27T09:35:32.087Z", "is_read": false}}, {"model": "user_app.notification", "pk": 80, "fields": {"user": ["a"], "notification_type": "follow", "message": "m followed you!", "created_at": "2025-04-27T09:35:35.672Z", "is_read": false}}, {"model": "user_app.notification", "pk": 81, "fields": {"user": ["test"], "notification_type": "like", "message": "d liked your trip!", "created_at": "2025-04-27T09:36:16.861Z", "is_read": false}}, {"model": "user_app.notification", "pk": 82, "fields": {"user": ["test"], "notification_type": "like", "message": "cyber_blossom liked your trip!", "created_at": "2025-04-27T09:36:39.718Z", "is_read": false}}, {"model": "user_app.notification", "pk": 83, "fields": {"user": ["test"], "notification_type": "like", "message": "cyber_blossom liked your trip!", "created_at": "2025-04-27T09:36:40.316Z", "is_read": false}}, {"model": "user_app.notification", "pk": 84, "fields": {"user": ["test"], "notification_type": "like", "message": "cyber_blossom liked your trip!", "created_at": "2025-04-27T09:36:41.342Z", "is_read": false}}, {"model": "user_app.notification", "pk": 85, "fields": {"user": ["test"], "notification_type": "like", "message": "maintest liked your trip!", "created_at": "2025-04-27T09:38:06.831Z", "is_read": false}}, {"model": "user_app.notification", "pk": 86, "fields": {"user": ["test"], "notification_type": "like", "message": "ath liked your trip!", "created_at": "2025-04-27T09:38:50.753Z", "is_read": false}}, {"model": "user_app.notification", "pk": 87, "fields": {"user": ["test"], "notification_type": "like", "message": "he liked your trip!", "created_at": "2025-04-27T09:39:55.800Z", "is_read": false}}, {"model": "user_app.notification", "pk": 88, "fields": {"user": ["test"], "notification_type": "follow", "message": "he followed you!", "created_at": "2025-04-27T09:39:59.560Z", "is_read": false}}, {"model": "user_app.notification", "pk": 89, "fields": {"user": ["t"], "notification_type": "follow", "message": "he followed you!", "created_at": "2025-04-27T09:40:04.526Z", "is_read": false}}, {"model": "user_app.notification", "pk": 90, "fields": {"user": ["s"], "notification_type": "follow", "message": "he followed you!", "created_at": "2025-04-27T09:40:05.581Z", "is_read": false}}, {"model": "user_app.notification", "pk": 91, "fields": {"user": ["b"], "notification_type": "follow", "message": "he followed you!", "created_at": "2025-04-27T09:40:06.762Z", "is_read": false}}, {"model": "user_app.notification", "pk": 92, "fields": {"user": ["a"], "notification_type": "follow", "message": "he followed you!", "created_at": "2025-04-27T09:40:08.489Z", "is_read": false}}, {"model": "user_app.notification", "pk": 93, "fields": {"user": ["n"], "notification_type": "follow", "message": "he followed you!", "created_at": "2025-04-27T09:40:15.384Z", "is_read": false}}, {"model": "user_app.notification", "pk": 94, "fields": {"user": ["maintest"], "notification_type": "follow", "message": "he followed you!", "created_at": "2025-04-27T09:40:18.043Z", "is_read": false}}, {"model": "user_app.notification", "pk": 95, "fields": {"user": ["ath"], "notification_type": "follow", "message": "he followed you!", "created_at": "2025-04-27T09:40:19.503Z", "is_read": false}}, {"model": "user_app.notification", "pk": 96, "fields": {"user": ["test"], "notification_type": "follow", "message": "he followed you!", "created_at": "2025-04-27T09:40:22.799Z", "is_read": false}}, {"model": "user_app.notification", "pk": 97, "fields": {"user": ["s"], "notification_type": "follow", "message": "test followed you!", "created_at": "2025-04-27T14:57:59.118Z", "is_read": false}}, {"model": "user_app.notification", "pk": 98, "fields": {"user": ["t"], "notification_type": "follow", "message": "test followed you!", "created_at": "2025-04-27T14:58:21.553Z", "is_read": false}}, {"model": "user_app.notification", "pk": 99, "fields": {"user": ["b"], "notification_type": "follow", "message": "test followed you!", "created_at": "2025-04-27T14:58:23.358Z", "is_read": false}}, {"model": "user_app.notification", "pk": 100, "fields": {"user": ["a"], "notification_type": "follow", "message": "test followed you!", "created_at": "2025-04-27T14:58:24.521Z", "is_read": false}}, {"model": "user_app.notification", "pk": 101, "fields": {"user": ["n"], "notification_type": "follow", "message": "test followed you!", "created_at": "2025-04-27T14:58:26.253Z", "is_read": false}}, {"model": "user_app.notification", "pk": 102, "fields": {"user": ["test"], "notification_type": "follow", "message": "n followed you!", "created_at": "2025-04-27T15:03:36.850Z", "is_read": false}}, {"model": "user_app.notification", "pk": 103, "fields": {"user": ["test"], "notification_type": "like", "message": "n liked your trip!", "created_at": "2025-04-27T15:10:27.574Z", "is_read": false}}, {"model": "user_app.notification", "pk": 104, "fields": {"user": ["test"], "notification_type": "like", "message": "n unliked your trip.", "created_at": "2025-04-27T15:21:08.546Z", "is_read": false}}, {"model": "user_app.notification", "pk": 105, "fields": {"user": ["test"], "notification_type": "like", "message": "n liked your trip!", "created_at": "2025-04-27T15:25:57.372Z", "is_read": false}}, {"model": "user_app.notification", "pk": 106, "fields": {"user": ["test"], "notification_type": "like", "message": "n liked your trip!", "created_at": "2025-04-27T15:26:00.629Z", "is_read": false}}, {"model": "user_app.notification", "pk": 107, "fields": {"user": ["test"], "notification_type": "like", "message": "n liked your trip!", "created_at": "2025-04-27T15:26:02.307Z", "is_read": false}}, {"model": "user_app.notification", "pk": 108, "fields": {"user": ["test"], "notification_type": "follow", "message": "n unfollowed you.", "created_at": "2025-04-27T15:31:12.869Z", "is_read": false}}, {"model": "user_app.notification", "pk": 109, "fields": {"user": ["test"], "notification_type": "follow", "message": "n followed you!", "created_at": "2025-04-27T15:31:18.410Z", "is_read": false}}, {"model": "user_app.notification", "pk": 110, "fields": {"user": ["t"], "notification_type": "follow", "message": "n followed you!", "created_at": "2025-04-27T15:33:07.453Z", "is_read": false}}, {"model": "user_app.notification", "pk": 111, "fields": {"user": ["b"], "notification_type": "follow", "message": "n followed you!", "created_at": "2025-04-27T15:33:16.311Z", "is_read": false}}, {"model": "user_app.notification", "pk": 112, "fields": {"user": ["test"], "notification_type": "follow", "message": "n unfollowed you.", "created_at": "2025-04-27T15:37:26.446Z", "is_read": false}}, {"model": "user_app.notification", "pk": 113, "fields": {"user": ["test"], "notification_type": "follow", "message": "n followed you!", "created_at": "2025-04-27T15:37:31.208Z", "is_read": false}}, {"model": "user_app.notification", "pk": 114, "fields": {"user": ["t"], "notification_type": "follow", "message": "n followed you!", "created_at": "2025-04-27T15:44:40.272Z", "is_read": false}}, {"model": "user_app.notification", "pk": 115, "fields": {"user": ["a"], "notification_type": "follow", "message": "n unfollowed you.", "created_at": "2025-04-27T15:50:45.249Z", "is_read": false}}, {"model": "user_app.notification", "pk": 116, "fields": {"user": ["a"], "notification_type": "follow", "message": "n followed you!", "created_at": "2025-04-27T15:50:58.614Z", "is_read": false}}, {"model": "user_app.notification", "pk": 117, "fields": {"user": ["test"], "notification_type": "follow", "message": "n unfollowed you.", "created_at": "2025-04-27T16:07:53.458Z", "is_read": false}}, {"model": "user_app.notification", "pk": 118, "fields": {"user": ["t"], "notification_type": "like", "message": "n liked your trip!", "created_at": "2025-04-27T16:08:17.930Z", "is_read": false}}, {"model": "user_app.notification", "pk": 119, "fields": {"user": ["t"], "notification_type": "like", "message": "n liked your trip!", "created_at": "2025-04-27T16:08:19.091Z", "is_read": false}}, {"model": "user_app.notification", "pk": 120, "fields": {"user": ["s"], "notification_type": "like", "message": "n liked your trip!", "created_at": "2025-04-27T16:08:44.091Z", "is_read": false}}, {"model": "user_app.notification", "pk": 121, "fields": {"user": ["n"], "notification_type": "follow", "message": "t followed you!", "created_at": "2025-04-27T16:13:36.152Z", "is_read": false}}, {"model": "user_app.notification", "pk": 122, "fields": {"user": ["n"], "notification_type": "follow", "message": "t followed you!", "created_at": "2025-04-27T16:13:53.419Z", "is_read": false}}, {"model": "user_app.notification", "pk": 123, "fields": {"user": ["test"], "notification_type": "follow", "message": "t followed you!", "created_at": "2025-04-27T16:13:58.274Z", "is_read": false}}, {"model": "user_app.notification", "pk": 124, "fields": {"user": ["s"], "notification_type": "follow", "message": "t followed you!", "created_at": "2025-04-27T16:14:00.415Z", "is_read": false}}, {"model": "user_app.notification", "pk": 125, "fields": {"user": ["b"], "notification_type": "follow", "message": "t followed you!", "created_at": "2025-04-27T16:14:02.286Z", "is_read": false}}, {"model": "user_app.notification", "pk": 126, "fields": {"user": ["a"], "notification_type": "follow", "message": "t followed you!", "created_at": "2025-04-27T16:14:03.978Z", "is_read": false}}, {"model": "user_app.notification", "pk": 127, "fields": {"user": ["a"], "notification_type": "like", "message": "t liked your trip!", "created_at": "2025-04-27T16:14:08.060Z", "is_read": false}}, {"model": "user_app.notification", "pk": 128, "fields": {"user": ["s"], "notification_type": "like", "message": "t liked your trip!", "created_at": "2025-04-27T16:14:10.172Z", "is_read": false}}, {"model": "user_app.favoritetrip", "pk": 7, "fields": {"user": ["test"], "trip": 25, "created_at": "2025-04-27T08:57:45.617Z"}}, {"model": "user_app.favoritetrip", "pk": 8, "fields": {"user": ["test"], "trip": 24, "created_at": "2025-04-27T08:57:48.193Z"}}, {"model": "user_app.favoritetrip", "pk": 9, "fields": {"user": ["test"], "trip": 20, "created_at": "2025-04-27T08:57:58.833Z"}}, {"model": "user_app.favoritetrip", "pk": 10, "fields": {"user": ["test"], "trip": 18, "created_at": "2025-04-27T08:58:05.026Z"}}, {"model": "user_app.favoritetrip", "pk": 11, "fields": {"user": ["test"], "trip": 12, "created_at": "2025-04-27T08:58:16.254Z"}}, {"model": "user_app.favoritetrip", "pk": 12, "fields": {"user": ["test"], "trip": 11, "created_at": "2025-04-27T08:58:18.899Z"}}, {"model": "user_app.favoritetrip", "pk": 13, "fields": {"user": ["test"], "trip": 7, "created_at": "2025-04-27T08:58:27.133Z"}}, {"model": "user_app.favoritetrip", "pk": 14, "fields": {"user": ["test"], "trip": 6, "created_at": "2025-04-27T08:58:31.543Z"}}, {"model": "user_app.favoritetrip", "pk": 15, "fields": {"user": ["test"], "trip": 5, "created_at": "2025-04-27T08:58:32.027Z"}}, {"model": "user_app.favoritetrip", "pk": 16, "fields": {"user": ["test"], "trip": 4, "created_at": "2025-04-27T08:58:33.004Z"}}, {"model": "user_app.favoritetrip", "pk": 17, "fields": {"user": ["test"], "trip": 3, "created_at": "2025-04-27T08:58:33.708Z"}}, {"model": "user_app.favoritetrip", "pk": 18, "fields": {"user": ["test"], "trip": 2, "created_at": "2025-04-27T08:58:34.439Z"}}, {"model": "user_app.favoritetrip", "pk": 19, "fields": {"user": ["a"], "trip": 3, "created_at": "2025-04-27T09:31:37.035Z"}}, {"model": "user_app.favoritetrip", "pk": 20, "fields": {"user": ["a"], "trip": 5, "created_at": "2025-04-27T09:31:38.163Z"}}, {"model": "user_app.favoritetrip", "pk": 22, "fields": {"user": ["a"], "trip": 12, "created_at": "2025-04-27T09:31:39.938Z"}}, {"model": "user_app.favoritetrip", "pk": 23, "fields": {"user": ["a"], "trip": 15, "created_at": "2025-04-27T09:31:40.867Z"}}, {"model": "user_app.favoritetrip", "pk": 24, "fields": {"user": ["a"], "trip": 18, "created_at": "2025-04-27T09:31:41.731Z"}}, {"model": "user_app.favoritetrip", "pk": 26, "fields": {"user": ["n"], "trip": 25, "created_at": "2025-04-27T09:33:04.249Z"}}, {"model": "user_app.favoritetrip", "pk": 27, "fields": {"user": ["n"], "trip": 24, "created_at": "2025-04-27T09:33:04.712Z"}}, {"model": "user_app.favoritetrip", "pk": 29, "fields": {"user": ["e"], "trip": 6, "created_at": "2025-04-27T09:33:27.441Z"}}, {"model": "user_app.favoritetrip", "pk": 30, "fields": {"user": ["c"], "trip": 9, "created_at": "2025-04-27T09:34:30.719Z"}}, {"model": "user_app.favoritetrip", "pk": 31, "fields": {"user": ["c"], "trip": 10, "created_at": "2025-04-27T09:34:31.346Z"}}, {"model": "user_app.favoritetrip", "pk": 32, "fields": {"user": ["c"], "trip": 13, "created_at": "2025-04-27T09:34:32.354Z"}}, {"model": "user_app.favoritetrip", "pk": 33, "fields": {"user": ["c"], "trip": 16, "created_at": "2025-04-27T09:34:33.438Z"}}, {"model": "user_app.favoritetrip", "pk": 34, "fields": {"user": ["c"], "trip": 4, "created_at": "2025-04-27T09:34:35.378Z"}}, {"model": "user_app.favoritetrip", "pk": 35, "fields": {"user": ["m"], "trip": 3, "created_at": "2025-04-27T09:35:24.376Z"}}, {"model": "user_app.favoritetrip", "pk": 36, "fields": {"user": ["m"], "trip": 12, "created_at": "2025-04-27T09:35:25.576Z"}}, {"model": "user_app.favoritetrip", "pk": 37, "fields": {"user": ["m"], "trip": 11, "created_at": "2025-04-27T09:35:26.029Z"}}, {"model": "user_app.favoritetrip", "pk": 38, "fields": {"user": ["m"], "trip": 2, "created_at": "2025-04-27T09:35:27.713Z"}}, {"model": "user_app.favoritetrip", "pk": 39, "fields": {"user": ["m"], "trip": 4, "created_at": "2025-04-27T09:35:28.574Z"}}, {"model": "user_app.favoritetrip", "pk": 40, "fields": {"user": ["m"], "trip": 5, "created_at": "2025-04-27T09:35:29.179Z"}}, {"model": "user_app.favoritetrip", "pk": 41, "fields": {"user": ["m"], "trip": 6, "created_at": "2025-04-27T09:35:30.329Z"}}, {"model": "user_app.favoritetrip", "pk": 42, "fields": {"user": ["m"], "trip": 19, "created_at": "2025-04-27T09:35:32.080Z"}}, {"model": "user_app.favoritetrip", "pk": 43, "fields": {"user": ["d"], "trip": 3, "created_at": "2025-04-27T09:36:16.852Z"}}, {"model": "user_app.favoritetrip", "pk": 44, "fields": {"user": ["f"], "trip": 4, "created_at": "2025-04-27T09:36:39.711Z"}}, {"model": "user_app.favoritetrip", "pk": 45, "fields": {"user": ["f"], "trip": 5, "created_at": "2025-04-27T09:36:40.310Z"}}, {"model": "user_app.favoritetrip", "pk": 46, "fields": {"user": ["f"], "trip": 3, "created_at": "2025-04-27T09:36:41.333Z"}}, {"model": "user_app.favoritetrip", "pk": 47, "fields": {"user": ["maintest"], "trip": 3, "created_at": "2025-04-27T09:38:06.823Z"}}, {"model": "user_app.favoritetrip", "pk": 48, "fields": {"user": ["ath"], "trip": 3, "created_at": "2025-04-27T09:38:50.746Z"}}, {"model": "user_app.favoritetrip", "pk": 49, "fields": {"user": ["he"], "trip": 3, "created_at": "2025-04-27T09:39:55.789Z"}}, {"model": "user_app.favoritetrip", "pk": 51, "fields": {"user": ["n"], "trip": 4, "created_at": "2025-04-27T15:25:57.351Z"}}, {"model": "user_app.favoritetrip", "pk": 52, "fields": {"user": ["n"], "trip": 3, "created_at": "2025-04-27T15:26:00.609Z"}}, {"model": "user_app.favoritetrip", "pk": 53, "fields": {"user": ["n"], "trip": 2, "created_at": "2025-04-27T15:26:02.287Z"}}, {"model": "user_app.favoritetrip", "pk": 54, "fields": {"user": ["n"], "trip": 7, "created_at": "2025-04-27T16:08:17.905Z"}}, {"model": "user_app.favoritetrip", "pk": 55, "fields": {"user": ["n"], "trip": 8, "created_at": "2025-04-27T16:08:19.065Z"}}, {"model": "user_app.favoritetrip", "pk": 56, "fields": {"user": ["n"], "trip": 11, "created_at": "2025-04-27T16:08:44.057Z"}}, {"model": "user_app.favoritetrip", "pk": 57, "fields": {"user": ["t"], "trip": 20, "created_at": "2025-04-27T16:14:08.038Z"}}, {"model": "user_app.favoritetrip", "pk": 58, "fields": {"user": ["t"], "trip": 12, "created_at": "2025-04-27T16:14:10.151Z"}}]